FirstName,LastName,Email
Gokul,Raam,gokul@gmail.com
Mani,,mani@gmail.com
Krishna,Naveen,naveen@gmail.com
King,Babloo,babloo@gmail.com
Bebe,Rexha,beberexha@gmail.com
Masana,Muthu,muthu@gmail.com
Selva,Kumari,selvi@gmail.com
